experimentSetID,numMonomers,dim,b,Nc,keepCL,diffusionConstant,numRealisations,dt,dt_relax,waitingSteps,numMaxSteps,encounterDistance,genomicDistance,Nb,Nc_inDamageFoci,excludedVolumeCutOff,iterationsNumber,events,FETs,meanFET,halfCI_FET,expFit_Amplitude,expFit_Rate,eventsCounter,repair_probability,repair_CIhalflength,mean_removedCLs,MSRG_atEncounter,Ensemble_MSRG
0_0,100,3,0.2,10,True,0.008,600,0.005,0.01,250,12000,0.05,4,2,1,0.0,600,"['Misrepair_a2-b2' 'Misrepair_a2-b1' 'Repair' 'Misrepair_a2-b1'
 'Misrepair_a2-b2' 'Repair' 'Repair' 'Misrepair_a2-b1' 'Repair' 'Repair'
 'Repair' 'Repair' 'Misrepair_a2-b2' 'Misrepair_a1-b1' 'Repair'
 'Misrepair_a2-b1' 'Repair' 'Repair' 'Repair' 'Misrepair_a1-b1' 'Repair'
 'Misrepair_a1-b2' 'Misrepair_a2-b2' 'Misrepair_a2-b2' 'Misrepair_a2-b1'
 'Repair' 'NA' 'Misrepair_a2-b1' 'Misrepair_a2-b1' 'Misrepair_a1-b2'
 'Repair' 'Misrepair_a1-b1' 'Misrepair_a2-b1' 'Misrepair_a1-b1'
 'Misrepair_a1-b2' 'Repair' 'Misrepair_a1-b1' 'Repair' 'Misrepair_a2-b1'
 'Misrepair_a2-b1' 'Repair' 'Misrepair_a1-b1' 'Misrepair_a2-b1' 'Repair'
 'Misrepair_a1-b1' 'Repair' 'Misrepair_a1-b2' 'Misrepair_a1-b1'
 'Misrepair_a2-b1' 'Misrepair_a1-b2' 'Misrepair_a2-b1' 'Repair'
 'Misrepair_a2-b1' 'Misrepair_a2-b1' 'Misrepair_a2-b1' 'Misrepair_a2-b2'
 'Misrepair_a1-b1' 'Misrepair_a2-b1' 'Repair' 'Misrepair_a2-b1'
 'Misrepair_a1-b1' 'Misrepair_a2-b1' 'Misrepair_a2-b1' 'Misrepair_a2-b1'
 'Misrepair_a2-b1' 'Repair' 'Repair' 'Repair' 'Repair' 'Misrepair_a2-b2'
 'Misrepair_a2-b1' 'Misrepair_a2-b1' 'Repair' 'Misrepair_a2-b1'
 'Misrepair_a2-b1' 'Misrepair_a2-b1' 'Repair' 'Misrepair_a2-b1' 'Repair'
 'Misrepair_a2-b1' 'Misrepair_a2-b1' 'Repair' 'Misrepair_a2-b1' 'Repair'
 'Misrepair_a1-b2' 'Misrepair_a1-b2' 'Repair' 'Repair' 'NA' 'Repair'
 'Misrepair_a2-b1' 'Misrepair_a2-b1' 'Misrepair_a2-b1' 'Repair'
 'Misrepair_a2-b1' 'Misrepair_a1-b1' 'Repair' 'Misrepair_a2-b1'
 'Misrepair_a2-b1' 'Misrepair_a2-b2' 'Repair' 'Repair' 'Misrepair_a2-b2'
 'Repair' 'Repair' 'Misrepair_a2-b1' 'Misrepair_a1-b2' 'Repair'
 'Misrepair_a2-b1' 'Misrepair_a2-b1' 'Misrepair_a2-b1' 'Misrepair_a1-b1'
 'Misrepair_a1-b1' 'Misrepair_a1-b2' 'Misrepair_a1-b2' 'Repair'
 'Misrepair_a2-b1' 'NA' 'Misrepair_a2-b1' 'Misrepair_a2-b2'
 'Misrepair_a2-b1' 'Repair' 'Repair' 'Misrepair_a2-b1' 'Misrepair_a2-b1'
 'Repair' 'Misrepair_a2-b1' 'Repair' 'Repair' 'Misrepair_a2-b1' 'Repair'
 'Misrepair_a1-b1' 'Misrepair_a2-b1' 'Misrepair_a2-b2' 'Misrepair_a1-b1'
 'Misrepair_a2-b1' 'Misrepair_a1-b2' 'Misrepair_a2-b1' 'Repair' 'Repair'
 'Repair' 'Misrepair_a2-b1' 'Repair' 'Repair' 'Misrepair_a1-b1'
 'Misrepair_a2-b1' 'Misrepair_a1-b1' 'Misrepair_a2-b2' 'Misrepair_a1-b1'
 'Misrepair_a2-b1' 'Misrepair_a1-b2' 'Repair' 'Repair' 'Misrepair_a2-b1'
 'Misrepair_a1-b1' 'Misrepair_a1-b1' 'Misrepair_a2-b1' 'Repair' 'Repair'
 'Misrepair_a2-b1' 'Misrepair_a2-b1' 'Repair' 'Misrepair_a2-b1'
 'Misrepair_a2-b1' 'Repair' 'Misrepair_a2-b1' 'Misrepair_a2-b1'
 'Misrepair_a2-b2' 'Misrepair_a2-b1' 'Misrepair_a2-b1' 'Misrepair_a1-b2'
 'Repair' 'Misrepair_a2-b2' 'Misrepair_a2-b1' 'Repair' 'Misrepair_a2-b1'
 'Repair' 'Misrepair_a1-b1' 'Misrepair_a2-b1' 'Misrepair_a2-b1'
 'Misrepair_a2-b1' 'NA' 'Misrepair_a2-b1' 'Repair' 'Misrepair_a2-b1'
 'Misrepair_a1-b2' 'Misrepair_a2-b1' 'Misrepair_a2-b1' 'Misrepair_a1-b1'
 'Misrepair_a2-b1' 'Misrepair_a2-b1' 'Repair' 'Misrepair_a2-b1'
 'Misrepair_a2-b2' 'Misrepair_a2-b1' 'Repair' 'Misrepair_a2-b1'
 'Misrepair_a1-b2' 'Misrepair_a2-b1' 'Misrepair_a2-b1' 'Repair'
 'Misrepair_a2-b1' 'Misrepair_a2-b1' 'Repair' 'Misrepair_a2-b1'
 'Misrepair_a2-b1' 'Misrepair_a1-b2' 'Misrepair_a2-b1' 'Misrepair_a2-b1'
 'Misrepair_a1-b2' 'Repair' 'Misrepair_a2-b1' 'Misrepair_a2-b1' 'Repair'
 'Misrepair_a2-b1' 'Misrepair_a2-b2' 'Misrepair_a1-b1' 'Misrepair_a2-b1'
 'Misrepair_a2-b1' 'Misrepair_a2-b1' 'Repair' 'Misrepair_a2-b1' 'Repair'
 'Misrepair_a2-b2' 'Repair' 'Misrepair_a2-b1' 'Misrepair_a1-b1' 'Repair'
 'Repair' 'Misrepair_a2-b1' 'Misrepair_a2-b1' 'Misrepair_a2-b2'
 'Misrepair_a2-b2' 'Repair' 'Misrepair_a1-b1' 'Misrepair_a1-b1' 'Repair'
 'Misrepair_a2-b2' 'Misrepair_a1-b1' 'Misrepair_a2-b1' 'Misrepair_a2-b2'
 'Misrepair_a2-b1' 'Misrepair_a1-b1' 'Misrepair_a2-b2' 'Misrepair_a1-b1'
 'Repair' 'Misrepair_a2-b2' 'Misrepair_a1-b2' 'NA' 'Misrepair_a1-b2'
 'Repair' 'Repair' 'Misrepair_a2-b1' 'Repair' 'Repair' 'Misrepair_a2-b2'
 'Misrepair_a1-b2' 'Misrepair_a2-b1' 'Repair' 'Misrepair_a2-b1'
 'Misrepair_a1-b1' 'Misrepair_a2-b1' 'Misrepair_a2-b1' 'Misrepair_a1-b2'
 'Repair' 'Repair' 'Misrepair_a1-b1' 'Misrepair_a2-b1' 'Misrepair_a1-b2'
 'Repair' 'Misrepair_a2-b2' 'Repair' 'Repair' 'Repair' 'Repair'
 'Misrepair_a2-b1' 'Misrepair_a1-b2' 'Repair' 'Misrepair_a2-b1' 'NA'
 'Misrepair_a2-b1' 'NA' 'Misrepair_a2-b1' 'Misrepair_a2-b1'
 'Misrepair_a2-b1' 'Repair' 'Misrepair_a2-b2' 'Repair' 'Misrepair_a2-b1'
 'NA' 'Misrepair_a1-b2' 'Misrepair_a2-b2' 'Repair' 'Misrepair_a2-b1'
 'Misrepair_a2-b1' 'Repair' 'Misrepair_a1-b1' 'Misrepair_a2-b1' 'Repair'
 'Misrepair_a2-b1' 'Repair' 'NA' 'Repair' 'Misrepair_a2-b1'
 'Misrepair_a2-b1' 'Misrepair_a2-b1' 'Misrepair_a2-b1' 'Misrepair_a2-b1'
 'Repair' 'Misrepair_a2-b1' 'Misrepair_a1-b1' 'Repair' 'Repair'
 'Misrepair_a2-b1' 'Misrepair_a2-b1' 'Repair' 'Misrepair_a2-b1'
 'Misrepair_a2-b1' 'Misrepair_a2-b2' 'Repair' 'Misrepair_a2-b1'
 'Misrepair_a2-b1' 'Misrepair_a1-b1' 'Misrepair_a1-b2' 'Misrepair_a2-b1'
 'Misrepair_a2-b1' 'Misrepair_a2-b1' 'Misrepair_a2-b1' 'Repair' 'Repair'
 'Misrepair_a2-b1' 'Misrepair_a1-b1' 'Misrepair_a2-b2' 'NA'
 'Misrepair_a2-b1' 'Misrepair_a2-b1' 'Repair' 'Misrepair_a1-b1' 'NA'
 'Repair' 'Misrepair_a2-b1' 'Misrepair_a2-b1' 'Misrepair_a2-b2'
 'Misrepair_a2-b2' 'Misrepair_a2-b2' 'Repair' 'Repair' 'Misrepair_a1-b1'
 'Misrepair_a2-b2' 'Misrepair_a2-b1' 'Repair' 'Repair' 'Misrepair_a2-b1'
 'Misrepair_a1-b1' 'Misrepair_a2-b1' 'Misrepair_a2-b1' 'Misrepair_a2-b1'
 'Misrepair_a1-b1' 'Misrepair_a2-b2' 'Misrepair_a1-b1' 'NA'
 'Misrepair_a2-b1' 'NA' 'Repair' 'Misrepair_a1-b2' 'Misrepair_a1-b1'
 'Misrepair_a2-b1' 'Misrepair_a1-b1' 'Misrepair_a2-b1' 'Repair' 'NA'
 'Misrepair_a2-b1' 'Misrepair_a2-b1' 'Repair' 'Repair' 'Misrepair_a1-b2'
 'Misrepair_a2-b1' 'Misrepair_a1-b1' 'Misrepair_a2-b1' 'Misrepair_a2-b1'
 'Misrepair_a2-b1' 'NA' 'Misrepair_a2-b2' 'Misrepair_a2-b1' 'Repair'
 'Misrepair_a2-b1' 'NA' 'Misrepair_a2-b1' 'Misrepair_a2-b1'
 'Misrepair_a2-b1' 'Repair' 'Repair' 'Repair' 'Misrepair_a2-b1'
 'Misrepair_a2-b1' 'Misrepair_a1-b1' 'Repair' 'Misrepair_a2-b1'
 'Misrepair_a2-b1' 'Misrepair_a2-b1' 'Misrepair_a1-b2' 'Misrepair_a2-b1'
 'Repair' 'Misrepair_a2-b1' 'Repair' 'Misrepair_a1-b1' 'Misrepair_a2-b1'
 'Repair' 'Misrepair_a2-b1' 'Misrepair_a2-b1' 'Repair' 'Misrepair_a2-b2'
 'Misrepair_a2-b1' 'Misrepair_a2-b1' 'Misrepair_a2-b1' 'Misrepair_a2-b2'
 'Repair' 'Misrepair_a2-b1' 'Repair' 'Repair' 'Misrepair_a2-b1'
 'Misrepair_a2-b1' 'Repair' 'Misrepair_a1-b1' 'Misrepair_a2-b1'
 'Misrepair_a1-b2' 'NA' 'Misrepair_a2-b1' 'Misrepair_a2-b2'
 'Misrepair_a2-b1' 'Repair' 'Repair' 'Misrepair_a2-b1' 'Misrepair_a2-b1'
 'Misrepair_a2-b1' 'Misrepair_a1-b1' 'Misrepair_a1-b2' 'Misrepair_a2-b1'
 'Misrepair_a1-b1' 'Repair' 'Misrepair_a2-b2' 'Misrepair_a2-b2'
 'Misrepair_a2-b2' 'Repair' 'Misrepair_a1-b1' 'Repair' 'Repair' 'Repair'
 'Misrepair_a2-b1' 'Misrepair_a2-b1' 'Misrepair_a2-b1' 'Repair'
 'Misrepair_a2-b2' 'Misrepair_a2-b1' 'Misrepair_a2-b2' 'NA'
 'Misrepair_a2-b1' 'Misrepair_a2-b1' 'Repair' 'Misrepair_a2-b1' 'Repair'
 'Repair' 'Repair' 'Misrepair_a1-b2' 'Misrepair_a2-b1' 'Misrepair_a2-b1'
 'Misrepair_a2-b1' 'Misrepair_a2-b1' 'Misrepair_a1-b1' 'Repair'
 'Misrepair_a2-b1' 'Misrepair_a2-b2' 'Misrepair_a2-b1' 'Misrepair_a2-b1'
 'Misrepair_a1-b1' 'Misrepair_a2-b1' 'Misrepair_a2-b1' 'Misrepair_a2-b2'
 'Misrepair_a2-b1' 'Misrepair_a1-b1' 'Misrepair_a2-b1' 'Misrepair_a2-b1'
 'Repair' 'Repair' 'Misrepair_a2-b2' 'Misrepair_a2-b1' 'Misrepair_a2-b1'
 'Misrepair_a1-b1' 'Misrepair_a1-b1' 'Misrepair_a1-b2' 'Misrepair_a1-b1'
 'Repair' 'Misrepair_a2-b1' 'Misrepair_a2-b1' 'Misrepair_a1-b1' 'Repair'
 'Misrepair_a2-b1' 'Misrepair_a1-b2' 'Misrepair_a1-b2' 'Misrepair_a1-b2'
 'Misrepair_a2-b1' 'Misrepair_a2-b1' 'Misrepair_a2-b1' 'Misrepair_a2-b1'
 'Repair' 'Repair' 'Misrepair_a1-b1' 'Repair' 'Misrepair_a2-b1'
 'Misrepair_a2-b1' 'Misrepair_a2-b1' 'NA' 'Misrepair_a2-b2'
 'Misrepair_a2-b1' 'Repair' 'Misrepair_a1-b2' 'Misrepair_a2-b1' 'Repair'
 'Misrepair_a1-b2' 'Misrepair_a2-b1' 'Misrepair_a2-b1' 'Misrepair_a2-b1'
 'Misrepair_a2-b1' 'Misrepair_a2-b1' 'Misrepair_a2-b2' 'Misrepair_a2-b1'
 'Misrepair_a2-b1' 'Misrepair_a2-b1' 'Misrepair_a2-b1' 'Misrepair_a1-b1'
 'Misrepair_a1-b2' 'Misrepair_a2-b1' 'Repair' 'Misrepair_a2-b1'
 'Misrepair_a2-b1' 'Misrepair_a2-b1' 'Misrepair_a2-b1' 'Misrepair_a2-b2'
 'Repair' 'Misrepair_a2-b1' 'Misrepair_a2-b1' 'Repair' 'Repair' 'Repair'
 'Misrepair_a2-b2' 'Misrepair_a2-b1' 'Misrepair_a2-b1' 'Misrepair_a2-b1'
 'Misrepair_a1-b1' 'Misrepair_a2-b2' 'Misrepair_a2-b1' 'Misrepair_a2-b1'
 'Misrepair_a2-b2' 'Misrepair_a2-b1' 'Misrepair_a2-b2' 'Repair' 'Repair'
 'Misrepair_a2-b1' 'Misrepair_a2-b2' 'Repair' 'Repair' 'Repair'
 'Misrepair_a2-b1' 'Misrepair_a2-b1' 'Misrepair_a2-b1' 'Misrepair_a2-b1'
 'Misrepair_a2-b2' 'Repair' 'Misrepair_a1-b1' 'NA' 'Repair' 'NA'
 'Misrepair_a2-b1' 'Repair' 'Misrepair_a2-b1' 'Misrepair_a1-b1' 'Repair'
 'Misrepair_a2-b1' 'Misrepair_a2-b1' 'Repair' 'Repair' 'Repair' 'Repair'
 'Misrepair_a1-b1' 'Misrepair_a2-b2' 'Repair' 'Misrepair_a2-b2'
 'Misrepair_a2-b1' 'Repair' 'Misrepair_a2-b2' 'Repair' 'Misrepair_a1-b2'
 'Misrepair_a2-b2' 'Misrepair_a2-b1' 'Misrepair_a2-b1' 'Misrepair_a1-b2'
 'Misrepair_a2-b2' 'Misrepair_a2-b1' 'Misrepair_a2-b1' 'Misrepair_a2-b1']","[4.7785e+01 7.5000e-01 7.4250e+00 1.8700e+00 1.3890e+01 2.2950e+00
 2.4510e+01 4.0500e-01 1.4350e+00 4.2000e-01 2.5820e+01 1.1250e+00
 1.3950e+00 1.5350e+00 6.4000e-01 1.0145e+01 1.6980e+01 1.8935e+01
 5.1050e+00 3.0450e+00 1.2295e+01 5.1200e+00 1.0400e+01 1.5750e+00
 4.4750e+00 3.1900e+00        nan 4.9875e+01 3.3250e+01 6.8500e-01
 5.4500e-01 4.1500e+00 3.4880e+01 6.5400e+00 1.1815e+01 3.7450e+00
 2.0200e+00 9.1800e+00 1.0920e+01 1.2130e+01 1.2100e+00 4.9550e+00
 2.3995e+01 1.1150e+00 2.2245e+01 2.3960e+01 1.9545e+01 1.8195e+01
 2.9105e+01 3.0235e+01 1.3050e+01 1.9005e+01 1.5250e+01 5.8380e+01
 2.2505e+01 3.3500e-01 3.5820e+01 3.0205e+01 3.8450e+01 2.4070e+01
 1.0075e+01 2.2900e+01 1.4500e+00 7.0000e-02 2.4800e+00 7.1400e+00
 1.2920e+01 6.4300e+00 9.8000e-01 1.9755e+01 9.0000e-01 1.2200e+00
 1.4850e+00 2.6330e+01 2.5480e+01 2.7680e+01 5.0000e-01 1.0695e+01
 1.8600e+00 3.0100e+00 7.9800e+00 1.5000e+00 1.5350e+00 1.7915e+01
 2.5340e+01 2.7275e+01 1.4040e+01 5.7000e-01        nan 9.1000e-01
 1.5050e+00 2.0350e+00 2.5765e+01 2.3850e+00 9.0950e+00 1.5450e+01
 6.0550e+00 1.0300e+01 4.6300e+01 2.4155e+01 1.1550e+00 9.3100e+00
 1.5500e+00 2.3105e+01 4.8600e+00 3.9550e+00 6.8500e-01 1.1995e+01
 5.4520e+01 6.8550e+00 5.2800e+00 5.4950e+00 3.4415e+01 2.4890e+01
 1.6860e+01 1.4500e+00 1.5875e+01        nan 1.5595e+01 3.0065e+01
 3.1175e+01 1.8850e+00 4.6800e+00 1.4095e+01 2.6100e+00 6.9000e-01
 1.2800e+00 0.0000e+00 1.6450e+00 9.7200e+00 1.2020e+01 7.1500e-01
 8.0000e-02 2.6550e+00 2.5920e+01 5.4055e+01 5.3550e+00 1.1265e+01
 1.8050e+00 2.8585e+01 1.0925e+01 1.9650e+00 2.7510e+01 4.2650e+00
 1.1630e+01 4.6920e+01 1.5500e+00 2.6950e+00 5.3000e-01 1.5600e+00
 1.7535e+01 9.0400e+00 1.1300e+01 3.3690e+01 9.4150e+00 2.1335e+01
 1.5845e+01 1.3875e+01 3.5000e-02 1.0140e+01 3.7305e+01 1.6350e+00
 2.6350e+00 1.4265e+01 1.5850e+00 1.4850e+00 1.2500e-01 2.8450e+00
 1.9080e+01 4.6000e-01 9.3000e-01 1.5840e+01 1.0850e+00 2.5190e+01
 3.1545e+01 4.1250e+00 1.6270e+01 5.1650e+00 2.4735e+01 5.1500e-01
 1.6635e+01        nan 2.8600e+00 5.5500e-01 5.2925e+01 7.9300e+00
 5.3305e+01 1.5420e+01 1.2800e+00 6.0000e-02 8.5750e+00 1.3970e+01
 3.9640e+01 4.4090e+01 1.8620e+01 6.4200e+00 2.7205e+01 1.1300e+00
 4.1050e+00 3.7310e+01 2.4685e+01 1.4325e+01 6.5300e+00 6.9500e-01
 4.7590e+01 5.9260e+01 5.8450e+00 1.7885e+01 2.2415e+01 3.3570e+01
 3.9000e-01 4.5450e+00 7.2050e+00 5.0695e+01 2.5400e+00 3.9010e+01
 3.8550e+00 1.3375e+01 1.3050e+01 1.9715e+01 4.6550e+01 2.5475e+01
 1.1450e+00 1.0765e+01 2.5400e+00 1.1150e+01 2.8515e+01 4.7450e+00
 1.9520e+01 1.6150e+00 3.6540e+01 1.4355e+01 2.5750e+00 2.1700e+00
 4.1800e+00 1.6600e+00 4.4000e-01 1.3345e+01 6.0350e+00 6.0000e-01
 3.9220e+01 2.5970e+01 5.8050e+00 3.7615e+01 3.6350e+00 7.1600e+00
 2.7500e-01 2.8375e+01        nan 2.6595e+01 6.3500e-01 1.0190e+01
 2.2015e+01 6.4100e+00 4.0600e+00 9.3900e+00 9.0450e+00 5.5200e+00
 1.1600e+00 1.2295e+01 2.0930e+01 7.8500e-01 1.2825e+01 2.0250e+01
 1.6150e+00 1.1500e-01 3.2050e+01 1.5715e+01 8.9450e+00 3.3350e+00
 3.4900e+00 3.5810e+01 2.1835e+01 4.6590e+01 4.8950e+00 1.4900e+00
 6.6350e+00 4.1920e+01 4.1200e+00        nan 2.1510e+01        nan
 5.5805e+01 4.0000e-01 1.8490e+01 3.3350e+00 8.7500e-01 4.4500e-01
 2.1220e+01        nan 4.3335e+01 1.3930e+01 1.7495e+01 4.3655e+01
 3.6180e+01 9.0950e+00 8.4050e+00 3.3160e+01 6.4500e+00 2.3480e+01
 0.0000e+00        nan 3.4100e+00 2.1670e+01 2.2400e+01 1.2440e+01
 1.7150e+01 2.0690e+01 4.9550e+00 3.8050e+00 2.9245e+01 1.2595e+01
 5.0650e+00 3.1000e+00 4.8700e+00 1.2655e+01 1.4210e+01 1.1500e-01
 1.6110e+01 4.0000e-02 3.7000e+00 1.1805e+01 1.0825e+01 7.7450e+00
 8.4250e+00 4.5680e+01 2.9965e+01 2.0600e+00 1.7500e-01 6.8000e-01
 1.6295e+01 2.9500e-01 1.2840e+01        nan 5.5935e+01 6.2800e+00
 2.2415e+01 3.9300e+00        nan 3.5150e+00 3.4000e-01 6.1250e+00
 4.9200e+01 3.0700e+00 3.4820e+01 3.6645e+01 5.5100e+00 2.4475e+01
 6.0950e+00 1.8000e-01 5.2300e+00 3.0550e+01 7.7250e+00 2.9235e+01
 6.9200e+00 3.4665e+01 2.1855e+01 5.4550e+01 4.7800e+00 4.2950e+00
        nan 1.1480e+01        nan 9.1000e-01 1.1400e+00 3.9300e+00
 2.2200e+00 2.1650e+00 3.2050e+00 1.3230e+01        nan 2.6850e+00
 2.5405e+01 4.3000e-01 1.6050e+01 1.7350e+00 1.0700e+01 1.0000e-02
 1.3500e+00 3.0080e+01 1.3000e-01        nan 3.2195e+01 1.2700e+00
 9.7800e+00 8.1400e+00        nan 5.2185e+01 8.9500e-01 1.4180e+01
 3.0165e+01 5.1000e-01 5.1150e+00 2.2820e+01 3.2580e+01 1.0470e+01
 2.1850e+00 3.7100e+00 2.5500e+01 3.7210e+01 3.7500e-01 2.9950e+00
 1.8200e+00 4.2355e+01 5.0900e+00 7.5750e+00 4.7615e+01 2.9875e+01
 7.0500e+00 6.6500e+00 7.8050e+00 5.0000e-03 5.6835e+01 5.3000e+00
 1.4565e+01 1.1500e-01 1.8850e+00 1.7255e+01 4.2050e+00 2.1000e-01
 1.4670e+01 2.1815e+01 5.4500e-01 7.5500e-01 7.1000e-01 1.1350e+00
        nan 3.6290e+01 1.3260e+01 2.5065e+01 2.0650e+00 9.0950e+00
 1.0640e+01 6.3500e-01 2.0925e+01 4.2500e-01 6.3550e+00 3.8710e+01
 2.8900e+00 2.8935e+01 1.4600e+00 2.5650e+00 2.2050e+00 3.1210e+01
 7.7500e-01 9.7600e+00 3.9250e+00 9.3100e+00 3.4775e+01 1.0500e-01
 2.7500e+00 1.9865e+01 8.7700e+00 1.1550e+00 9.6000e-01        nan
 3.2765e+01 4.4610e+01 2.4800e+00 9.9000e+00 8.1450e+00 3.2450e+00
 1.3940e+01 1.1770e+01 2.5500e-01 4.6875e+01 6.7650e+00 5.8500e-01
 4.9900e+01 3.2450e+00 3.7350e+00 6.3000e-01 6.9900e+00 4.0055e+01
 3.0000e-02 2.7020e+01 1.4650e+00 5.5500e+00 1.1605e+01 3.7550e+00
 2.8275e+01 1.5180e+01 2.0500e+00 1.1700e+00 3.0950e+00 8.4950e+00
 4.0500e+00 2.4560e+01 4.4000e-01 1.6000e-01 5.3300e+00 2.8850e+00
 1.8030e+01 2.6695e+01 1.4800e+01 1.3000e-01 1.8205e+01 3.3355e+01
 5.2345e+01 3.1025e+01 2.9350e+01 2.4250e+01 3.5785e+01 3.0720e+01
 1.6200e+00 4.3915e+01 4.0450e+00 1.5785e+01 1.6500e-01 3.3015e+01
 4.4685e+01        nan 2.1455e+01 2.2080e+01 3.8900e+00 2.5500e-01
 4.8250e+00 2.3005e+01 1.3750e+00 1.5170e+01 3.9550e+01 8.3050e+00
 1.3785e+01 2.8465e+01 5.2100e+00 2.7320e+01 2.1370e+01 9.1850e+00
 2.3400e+00 1.0350e+00 1.8150e+00 3.4120e+01 9.7000e-01 1.7205e+01
 9.2700e+00 1.8355e+01 5.5815e+01 2.0000e-02 1.5535e+01 5.4150e+01
 9.2750e+00 2.2000e+01 6.1000e+00 5.7550e+00 5.8300e+00 1.5195e+01
 5.6040e+01 3.8560e+01 1.7150e+00 2.3800e+00 4.0680e+01 1.4610e+01
 1.1825e+01 2.2300e+00 3.7800e+00 4.2900e+00 3.2000e-01 2.1500e-01
 5.1870e+01 6.7000e-01 2.0380e+01 1.5300e+00 7.5450e+00 4.1290e+01
 7.4050e+00 5.1960e+01 1.8850e+01 1.5210e+01 7.6450e+00        nan
 4.7500e-01        nan 5.3000e-01 3.9000e-01 7.7100e+00 1.8250e+00
 7.1100e+00 2.3815e+01 2.4450e+01 1.1135e+01 2.4860e+01 2.1585e+01
 1.8075e+01 2.0950e+01 8.0000e-02 8.5500e-01 1.1950e+00 3.6925e+01
 2.6500e+00 7.7100e+00 2.0180e+01 7.2450e+00 1.6825e+01 3.6065e+01
 3.1605e+01 6.9450e+00 1.0350e+00 3.5025e+01 4.2700e+00 8.6100e+00]",14.00094127806563,1.1769764942697918,0.0961089340412214,0.11379523732050968,"Counter({'Misrepair_a2-b1': 248, 'Repair': 169, 'Misrepair_a1-b1': 62, 'Misrepair_a2-b2': 60, 'Misrepair_a1-b2': 40, 'NA': 21})",0.2918825561312608,0.03703168780107043,0.0,"[0.33823053 0.90369325 0.95413754 0.20406052 0.29726075 1.24983543
 0.34516178 1.24718234 0.30309172 0.67054211 0.22001232 0.82213014
 0.3206833  1.37299852 1.10333178 0.51449636 0.48485298 0.36801355
 0.32160698 0.38653663 0.43259824 0.35596534 0.35158787 0.47864513
 1.73767082 0.69405187        nan 1.04330104 1.03681606 1.20415893
 4.10014103 0.92018759 0.22174984 0.5480925  0.2263929  1.4314691
 1.55794591 0.49129604 0.2971459  0.41959155 0.64784749 0.38974941
 0.51341206 0.22135892 0.67738636 1.37383753 0.31612774 0.22255064
 0.25315495 0.55308228 0.83491822 0.30335808 0.87745789 1.46904892
 0.35728469 0.14955744 0.20875507 0.80340703 0.38592674 0.39424818
 1.25362712 0.40694302 0.44968294 0.62218342 0.73865309 0.39952883
 0.85694286 0.92649078 1.59361898 0.30404895 0.39742051 1.05268333
 1.16605745 0.34218877 0.29684105 1.46370097 0.55773568 0.63735258
 0.86303883 0.591787   0.9973651  0.40251585 0.87343196 0.63104045
 0.62230335 0.37632468 0.22049787 0.90151012        nan 0.75623492
 0.77321203 0.45546151 0.36369467 0.59293617 1.32200798 1.1233489
 0.51402976 0.54288674 0.42079159 0.59370688 1.08003241 0.84195803
 1.46681152 0.24816686 1.15609488 1.25149138 0.39113225 0.45582306
 0.1027143  0.77165225 0.68377602 0.26572581 0.20865867 0.82212784
 0.33410334 0.59765596 0.30078844        nan 0.48388084 0.37604762
 0.45482082 0.27754185 0.60645106 0.6245347  0.27076317 1.09486919
 0.33640795 0.6141676  0.37726906 0.49234358 0.31888103 0.94910037
 0.3142235  0.70834514 0.45097594 0.18409421 1.64711441 0.70601323
 0.86774397 0.39746978 0.45506851 1.25242284 0.71761854 1.14208122
 0.51428276 0.32782098 0.18454613 0.54200493 1.59780415 0.96855085
 0.37625429 0.36798754 0.32631764 0.34098347 0.419748   0.39141342
 0.7509669  0.58786847 0.36412196 0.71374597 0.22039142 0.92857762
 0.34958256 0.85893324 0.60607399 0.38594963 0.74256859 0.56077311
 0.68828645 0.91705356 0.77091857 1.82522523 0.44475541 0.70205656
 0.36269975 0.4025411  0.38528414 0.45961134 0.53311361 0.57191334
 0.15296316        nan 0.33760885 1.18562654 0.16680761 1.26298018
 0.29205188 0.31538662 0.37726652 0.69358925 1.03115012 0.56259418
 0.37271255 0.13430098 0.31059914 0.57200502 0.74489961 0.588846
 0.25698049 0.93731541 0.20733851 0.18756747 1.48962429 0.78337489
 0.40480883 0.54871871 0.68049345 0.633358   1.33265681 0.45632291
 0.59347291 0.85677227 0.35230674 0.33336287 0.81387333 0.280996
 0.39411562 0.23432808 0.499483   0.6558995  0.44670844 0.30963423
 0.69965161 0.69875106 1.16272472 0.68725601 0.6547912  0.72237524
 0.45830362 1.82313318 0.38439068 0.56135954 1.45178801 0.47164128
 0.83812196 0.74634692 1.66716175 1.55490711 0.69264856 1.38437146
 0.3083005  0.52359833 1.78920614 0.48911881 0.726195   0.34809504
 0.76553976 0.21535039        nan 0.1657266  0.7534173  2.18128077
 0.262315   0.63277885 0.49330389 0.70037007 0.94086035 0.41503272
 1.06456012 1.16373926 0.3166333  0.42367935 0.47744445 0.20146536
 1.06037119 0.79773192 0.53249505 0.39806595 0.54841666 1.01917074
 0.44317525 0.48149523 0.18868125 0.25783832 0.36419281 0.31531003
 0.86490892 0.18963224 1.21170341        nan 0.41313455        nan
 0.16974953 0.76112862 0.69674779 0.42222594 0.52330637 0.85765578
 0.40195702        nan 0.29784265 1.42916513 0.45915757 0.25061715
 0.39660164 0.71183065 0.54579188 0.26978073 0.68731104 0.58186649
 1.53619728        nan 0.48020966 0.27064125 0.31810013 0.29977943
 0.55762342 0.4979467  2.03125885 0.35858808 0.35720708 0.44991045
 0.64944012 1.27360177 1.04809054 0.59675015 0.58115959 1.16701499
 0.44896798 1.2488358  0.75023167 1.38384193 0.17860242 0.44628279
 1.03722111 0.24841054 0.228706   0.82494813 0.83317136 1.21100913
 1.66515523 0.75836079 0.67776776        nan 0.20597303 0.31456284
 0.1940389  0.5437563         nan 0.58694825 1.3005636  0.78006294
 0.2299741  0.9754519  0.19611421 0.46944596 0.47714051 3.73060693
 0.35120998 1.20255919 0.2703216  0.81228803 0.42127583 0.53987158
 0.47190363 0.62252066 0.80478617 0.320961   0.92760256 0.64970098
        nan 0.4712042         nan 1.34315583 0.37463986 0.69488727
 0.45511909 0.77446071 2.14521853 0.44017229        nan 0.39763599
 1.39434992 1.8695155  0.87453764 0.33211402 0.62096659 1.04849748
 0.6028219  0.30377372 0.42229002        nan 0.32411636 1.17282888
 1.35664077 0.61913995        nan 0.72150955 0.95259429 0.84317549
 0.43589221 0.47921212 0.68638445 0.41664802 0.45213995 0.33671507
 0.43557753 0.42259159 0.6321335  0.69063918 0.68737709 0.6090168
 1.07150049 0.16191831 0.37934791 0.5474759  0.21673421 0.83006332
 0.39754776 0.43917978 0.75679304 1.15759188 0.35658207 0.58062698
 0.20105268 1.99596562 0.89652182 0.48991598 0.71829339 0.2674834
 0.47227076 1.47426385 0.40661644 0.59496201 0.88455979 1.03902726
        nan 0.76356498 0.54732634 0.2766859  1.85304813 0.41575822
 0.77592826 0.73284573 0.23125676 0.51538896 0.55637968 0.47451421
 0.19081743 0.33249798 0.50650801 0.766117   0.235409   0.42430583
 0.46459633 0.51124264 0.59844027 0.49744826 0.67317655 0.21264071
 0.4885597  0.22569411 0.6982313  0.68212186 0.88694304        nan
 1.34565765 0.37811782 0.53671774 0.89042444 0.41687031 0.50543886
 0.29298281 0.35003098 0.24035894 0.52716724 0.7147183  1.4160543
 0.12442966 0.94094909 0.57821021 0.32340395 1.15552968 0.37105256
 0.63892259 0.50565122 0.5364361  0.31741619 0.82502999 0.49111202
 0.62359198 0.73449808 0.7390654  0.39689035 0.41879156 0.22723226
 2.93221639 0.18267218 0.72171063 0.92475521 0.22394446 1.02970023
 0.58370925 0.28173294 0.37673761 2.28896304 0.19208617 0.24414791
 0.36187166 0.37518948 0.40009189 0.51335242 0.37199206 0.85566962
 0.67641222 0.67392501 1.23057961 1.02715068 0.3841473  0.34391176
 0.25706005        nan 0.79081901 0.41571534 0.71340338 0.9058561
 0.89827994 0.18752212 1.92804071 0.33916456 0.34070698 0.65044285
 0.62136977 0.30129792 0.75445457 0.22171587 0.30228947 1.23939802
 1.23857558 0.40318387 0.42158068 0.52220622 0.80260267 0.35848846
 0.64167035 0.45834757 0.197776   1.05321002 0.54577192 0.33553894
 1.37793535 0.16812266 0.65445868 0.44196803 0.70153953 0.2387269
 0.31498557 0.2683035  1.23766286 0.51838715 0.47518939 1.13329565
 0.3591429  0.29140638 1.66852352 1.28112792 1.07185895 1.24854671
 0.28409381 0.35450492 0.31692657 0.31826646 0.42723866 1.70940274
 0.21754009 0.40849189 0.3467746  0.24193897 1.23132822        nan
 0.47742938        nan 0.48456003 0.39748448 0.69766614 0.50974485
 1.16577232 0.65746403 0.28202842 0.41520903 0.77927379 0.29228028
 0.75710239 0.59241201 0.55800286 0.82225859 0.46041623 0.28884458
 0.53517969 0.58137772 0.40371366 0.55635491 0.30033385 0.62400331
 0.24874788 0.56288393 0.86817964 0.71901169 0.62061195 0.76762576]",0.6548325200075439
0_1,100,3,0.2,10,True,0.008,600,0.005,0.01,250,12000,0.05,4,2,1,0.027777777777777776,600,"['Misrepair_a2-b1' 'Misrepair_a2-b1' 'Misrepair_a2-b1' 'Misrepair_a2-b1'
 'Misrepair_a1-b1' 'Misrepair_a2-b1' 'Misrepair_a1-b1' 'Misrepair_a2-b1'
 'Misrepair_a2-b1' 'Misrepair_a2-b1' 'Repair' 'Repair' 'Misrepair_a1-b2'
 'Misrepair_a2-b2' 'Misrepair_a2-b1' 'Misrepair_a2-b1' 'Misrepair_a1-b1'
 'Misrepair_a1-b1' 'Repair' 'Misrepair_a2-b1' 'Misrepair_a2-b1' 'Repair'
 'Misrepair_a1-b1' 'Misrepair_a2-b1' 'Misrepair_a1-b2' 'NA'
 'Misrepair_a1-b1' 'Misrepair_a2-b1' 'Repair' 'Repair' 'Misrepair_a2-b1'
 'Misrepair_a2-b1' 'Misrepair_a1-b1' 'Misrepair_a2-b2' 'Misrepair_a2-b1'
 'Repair' 'Misrepair_a2-b1' 'Misrepair_a2-b1' 'Misrepair_a1-b1'
 'Misrepair_a2-b1' 'Misrepair_a2-b1' 'Misrepair_a2-b1' 'Repair'
 'Misrepair_a2-b1' 'Misrepair_a1-b2' 'Misrepair_a2-b1' 'Repair'
 'Misrepair_a1-b2' 'Repair' 'Misrepair_a2-b1' 'Misrepair_a1-b1' 'Repair'
 'Repair' 'Repair' 'Misrepair_a1-b2' 'Misrepair_a2-b1' 'Repair'
 'Misrepair_a1-b1' 'Misrepair_a2-b1' 'Misrepair_a1-b1' 'Misrepair_a2-b1'
 'Misrepair_a2-b1' 'Repair' 'Repair' 'Misrepair_a2-b1' 'Repair'
 'Misrepair_a1-b1' 'Misrepair_a2-b1' 'Repair' 'Misrepair_a1-b1'
 'Misrepair_a1-b1' 'Repair' 'Misrepair_a2-b1' 'Misrepair_a1-b1'
 'Misrepair_a2-b2' 'Misrepair_a1-b1' 'Repair' 'Misrepair_a2-b2' 'Repair'
 'Repair' 'Repair' 'Misrepair_a1-b1' 'Misrepair_a1-b2' 'Misrepair_a2-b2'
 'Misrepair_a1-b2' 'Misrepair_a1-b1' 'Misrepair_a2-b1' 'Misrepair_a2-b2'
 'Misrepair_a1-b1' 'Repair' 'Repair' 'Misrepair_a2-b1' 'Misrepair_a2-b2'
 'Repair' 'Misrepair_a2-b1' 'Misrepair_a1-b2' 'Misrepair_a2-b1' 'Repair'
 'Misrepair_a2-b2' 'Misrepair_a2-b1' 'Misrepair_a1-b1' 'Repair'
 'Misrepair_a2-b1' 'Misrepair_a1-b2' 'Repair' 'Misrepair_a1-b1'
 'Misrepair_a2-b2' 'Misrepair_a2-b2' 'Misrepair_a2-b1' 'Misrepair_a2-b2'
 'Misrepair_a1-b2' 'Misrepair_a2-b2' 'Repair' 'Repair' 'Misrepair_a2-b1'
 'NA' 'Misrepair_a2-b1' 'Misrepair_a2-b2' 'Misrepair_a2-b1'
 'Misrepair_a1-b2' 'Misrepair_a1-b1' 'Repair' 'Misrepair_a2-b1'
 'Misrepair_a1-b2' 'Misrepair_a2-b1' 'Misrepair_a2-b1' 'Misrepair_a1-b2'
 'Misrepair_a2-b1' 'Misrepair_a2-b1' 'Repair' 'Misrepair_a2-b1' 'Repair'
 'Misrepair_a1-b1' 'Misrepair_a2-b2' 'Misrepair_a2-b1' 'Misrepair_a2-b1'
 'Misrepair_a2-b1' 'Repair' 'Repair' 'Misrepair_a2-b1' 'Misrepair_a1-b2'
 'Misrepair_a2-b2' 'Misrepair_a2-b2' 'Misrepair_a2-b2' 'Misrepair_a2-b2'
 'Misrepair_a1-b1' 'Misrepair_a2-b1' 'Misrepair_a1-b1' 'Misrepair_a1-b2'
 'Misrepair_a2-b1' 'Misrepair_a2-b1' 'Misrepair_a2-b1' 'Repair' 'Repair'
 'Misrepair_a2-b1' 'Misrepair_a2-b1' 'Repair' 'Misrepair_a2-b1' 'Repair'
 'Repair' 'Misrepair_a2-b1' 'Misrepair_a2-b1' 'Misrepair_a1-b1' 'Repair'
 'Misrepair_a2-b2' 'Misrepair_a1-b1' 'Repair' 'Misrepair_a2-b1'
 'Misrepair_a2-b1' 'Repair' 'Misrepair_a2-b1' 'Misrepair_a2-b1' 'Repair'
 'Misrepair_a1-b2' 'Misrepair_a1-b1' 'Misrepair_a2-b1' 'Misrepair_a2-b2'
 'Misrepair_a1-b1' 'Misrepair_a2-b2' 'Repair' 'Misrepair_a2-b1' 'Repair'
 'Repair' 'Misrepair_a1-b1' 'Misrepair_a2-b1' 'Misrepair_a2-b1'
 'Misrepair_a2-b2' 'Misrepair_a1-b1' 'Misrepair_a2-b1' 'Repair'
 'Misrepair_a2-b1' 'Misrepair_a2-b1' 'Repair' 'Misrepair_a1-b1'
 'Misrepair_a2-b1' 'Repair' 'Repair' 'Repair' 'Misrepair_a2-b1' 'Repair'
 'Misrepair_a2-b1' 'Misrepair_a1-b1' 'Repair' 'Misrepair_a1-b1'
 'Misrepair_a1-b1' 'Repair' 'Misrepair_a1-b1' 'Misrepair_a1-b1'
 'Misrepair_a1-b1' 'Misrepair_a1-b2' 'Repair' 'NA' 'Misrepair_a2-b1'
 'Misrepair_a1-b2' 'Repair' 'Misrepair_a2-b2' 'Misrepair_a1-b2'
 'Misrepair_a2-b1' 'Repair' 'Misrepair_a1-b2' 'Misrepair_a1-b1'
 'Misrepair_a1-b1' 'Misrepair_a2-b1' 'Misrepair_a1-b1' 'Misrepair_a1-b2'
 'Misrepair_a2-b1' 'Misrepair_a2-b1' 'Misrepair_a1-b1' 'Misrepair_a1-b2'
 'Misrepair_a2-b1' 'Misrepair_a2-b1' 'Misrepair_a2-b1' 'Misrepair_a2-b1'
 'Misrepair_a2-b1' 'Misrepair_a2-b2' 'Misrepair_a1-b2' 'Misrepair_a2-b2'
 'Misrepair_a2-b1' 'Misrepair_a1-b2' 'Repair' 'Misrepair_a2-b2'
 'Misrepair_a2-b1' 'Misrepair_a2-b1' 'Misrepair_a2-b1' 'Misrepair_a2-b1'
 'Repair' 'NA' 'Misrepair_a2-b1' 'Misrepair_a1-b2' 'Misrepair_a2-b1'
 'Repair' 'Repair' 'Misrepair_a1-b1' 'Misrepair_a1-b2' 'Repair' 'Repair'
 'Misrepair_a2-b1' 'Misrepair_a1-b2' 'Misrepair_a2-b1' 'Misrepair_a1-b1'
 'Repair' 'Misrepair_a2-b1' 'Misrepair_a2-b1' 'Repair' 'NA'
 'Misrepair_a2-b1' 'Misrepair_a2-b1' 'Repair' 'Misrepair_a1-b1' 'Repair'
 'Misrepair_a2-b1' 'Repair' 'Misrepair_a2-b1' 'Misrepair_a2-b1' 'NA'
 'Misrepair_a2-b1' 'Repair' 'NA' 'Misrepair_a2-b2' 'Misrepair_a2-b1'
 'Misrepair_a1-b2' 'Misrepair_a1-b2' 'Misrepair_a2-b1' 'Misrepair_a2-b1'
 'Repair' 'Misrepair_a2-b1' 'Misrepair_a2-b1' 'Repair' 'Misrepair_a1-b1'
 'Misrepair_a2-b1' 'Misrepair_a2-b2' 'Misrepair_a2-b2' 'Misrepair_a2-b2'
 'Misrepair_a2-b1' 'Misrepair_a2-b2' 'Misrepair_a2-b1' 'Misrepair_a2-b1'
 'Misrepair_a2-b1' 'Misrepair_a2-b1' 'Repair' 'Misrepair_a1-b1'
 'Misrepair_a1-b2' 'Misrepair_a2-b1' 'Misrepair_a1-b1' 'Misrepair_a2-b1'
 'Misrepair_a2-b2' 'Misrepair_a2-b2' 'Repair' 'Misrepair_a2-b1' 'Repair'
 'Misrepair_a2-b2' 'Repair' 'Repair' 'Misrepair_a2-b1' 'Misrepair_a2-b1'
 'Misrepair_a2-b1' 'Repair' 'Misrepair_a1-b2' 'Misrepair_a2-b1'
 'Misrepair_a1-b1' 'Repair' 'Misrepair_a1-b1' 'Misrepair_a2-b1' 'Repair'
 'Misrepair_a2-b1' 'Misrepair_a2-b1' 'Repair' 'Misrepair_a2-b1'
 'Misrepair_a2-b1' 'Misrepair_a2-b1' 'Misrepair_a2-b1' 'Misrepair_a1-b1'
 'Misrepair_a2-b1' 'Misrepair_a2-b1' 'Misrepair_a2-b1' 'Misrepair_a2-b2'
 'Misrepair_a2-b2' 'Misrepair_a1-b2' 'Misrepair_a1-b2' 'Misrepair_a1-b1'
 'Repair' 'Misrepair_a2-b1' 'Misrepair_a2-b1' 'Misrepair_a1-b2'
 'Misrepair_a2-b1' 'Repair' 'Misrepair_a2-b1' 'Misrepair_a1-b1'
 'Misrepair_a1-b1' 'Misrepair_a2-b2' 'Misrepair_a2-b1' 'Repair'
 'Misrepair_a2-b1' 'Misrepair_a2-b1' 'Misrepair_a2-b1' 'Misrepair_a1-b1'
 'Misrepair_a2-b1' 'Misrepair_a2-b1' 'Misrepair_a2-b1' 'Misrepair_a1-b1'
 'Misrepair_a2-b2' 'Misrepair_a2-b1' 'Misrepair_a1-b1' 'Misrepair_a2-b1'
 'Misrepair_a2-b1' 'Misrepair_a2-b1' 'Misrepair_a2-b1' 'Repair' 'Repair'
 'Repair' 'Misrepair_a2-b1' 'Repair' 'Misrepair_a2-b1' 'Repair' 'Repair'
 'Repair' 'Misrepair_a2-b1' 'Misrepair_a2-b1' 'Misrepair_a2-b1'
 'Misrepair_a2-b2' 'Misrepair_a2-b1' 'Misrepair_a2-b2' 'Repair'
 'Misrepair_a2-b1' 'Misrepair_a1-b2' 'Misrepair_a2-b1' 'Misrepair_a2-b2'
 'Misrepair_a2-b1' 'Misrepair_a1-b1' 'Misrepair_a1-b1' 'Misrepair_a2-b1'
 'Misrepair_a2-b1' 'Repair' 'Misrepair_a2-b1' 'Misrepair_a2-b1'
 'Misrepair_a2-b1' 'Repair' 'Misrepair_a2-b1' 'Misrepair_a2-b1'
 'Misrepair_a2-b1' 'Misrepair_a2-b1' 'Misrepair_a2-b1' 'Repair'
 'Misrepair_a2-b1' 'Repair' 'Repair' 'Misrepair_a2-b2' 'Misrepair_a2-b1'
 'Misrepair_a2-b1' 'Misrepair_a2-b1' 'Misrepair_a1-b1' 'Misrepair_a2-b1'
 'Misrepair_a2-b1' 'Misrepair_a2-b1' 'Misrepair_a2-b1' 'Repair' 'Repair'
 'Repair' 'Misrepair_a1-b1' 'Misrepair_a2-b1' 'Misrepair_a2-b2'
 'Misrepair_a1-b1' 'Misrepair_a2-b1' 'Misrepair_a1-b2' 'Repair'
 'Misrepair_a2-b1' 'Misrepair_a1-b2' 'Misrepair_a2-b1' 'Misrepair_a1-b1'
 'Repair' 'Misrepair_a2-b1' 'Misrepair_a1-b1' 'Misrepair_a2-b1'
 'Misrepair_a2-b2' 'Repair' 'Repair' 'Repair' 'Misrepair_a2-b1'
 'Misrepair_a2-b2' 'Misrepair_a2-b1' 'Repair' 'Misrepair_a2-b1'
 'Misrepair_a2-b1' 'Misrepair_a2-b2' 'Repair' 'Repair' 'Misrepair_a2-b1'
 'Repair' 'Misrepair_a2-b2' 'Misrepair_a2-b1' 'Misrepair_a2-b2'
 'Misrepair_a2-b2' 'Misrepair_a2-b1' 'Misrepair_a2-b1' 'Repair'
 'Misrepair_a2-b1' 'Misrepair_a2-b2' 'Misrepair_a1-b1' 'Misrepair_a2-b2'
 'Misrepair_a1-b2' 'Misrepair_a1-b1' 'Misrepair_a2-b1' 'Repair'
 'Misrepair_a2-b1' 'Misrepair_a2-b1' 'Misrepair_a2-b1' 'Repair'
 'Misrepair_a1-b1' 'Misrepair_a2-b2' 'Repair' 'Misrepair_a2-b2'
 'Misrepair_a2-b1' 'Misrepair_a2-b2' 'Misrepair_a2-b1' 'Misrepair_a2-b1'
 'Repair' 'Misrepair_a2-b2' 'Repair' 'Misrepair_a2-b2' 'Misrepair_a1-b1'
 'Misrepair_a2-b1' 'Misrepair_a1-b1' 'Misrepair_a2-b1' 'Repair'
 'Misrepair_a2-b1' 'Misrepair_a1-b1' 'Misrepair_a2-b1' 'Misrepair_a2-b1'
 'Misrepair_a2-b1' 'Misrepair_a2-b1' 'Repair' 'Misrepair_a2-b1'
 'Misrepair_a1-b1' 'Misrepair_a2-b1' 'Misrepair_a1-b1' 'Misrepair_a2-b2'
 'Misrepair_a1-b2' 'Misrepair_a2-b1' 'Misrepair_a2-b2' 'Misrepair_a2-b1'
 'NA' 'Misrepair_a2-b1' 'Misrepair_a2-b2' 'Repair' 'Misrepair_a1-b2'
 'Misrepair_a2-b2' 'Misrepair_a2-b1' 'Misrepair_a1-b1' 'Misrepair_a2-b1'
 'Misrepair_a2-b1' 'Repair' 'Misrepair_a1-b1' 'Misrepair_a1-b2' 'Repair'
 'Misrepair_a2-b1' 'NA' 'Repair' 'Misrepair_a2-b1' 'Misrepair_a1-b1'
 'Misrepair_a2-b1' 'Misrepair_a2-b1' 'Misrepair_a2-b2' 'Misrepair_a2-b1'
 'Misrepair_a2-b1' 'Misrepair_a1-b2' 'Repair' 'Repair' 'Repair'
 'Misrepair_a2-b1' 'Misrepair_a2-b1' 'Repair' 'Misrepair_a1-b2'
 'Misrepair_a2-b1' 'Misrepair_a2-b1' 'Misrepair_a2-b1' 'Misrepair_a2-b2'
 'Misrepair_a2-b1' 'NA' 'Repair' 'Misrepair_a2-b2' 'Misrepair_a1-b2'
 'Repair' 'Misrepair_a2-b1' 'Misrepair_a2-b1' 'NA' 'Repair' 'Repair'
 'Misrepair_a2-b1' 'Misrepair_a2-b1' 'Misrepair_a2-b1' 'Misrepair_a2-b1'
 'Misrepair_a1-b2' 'Repair' 'Misrepair_a2-b1' 'Misrepair_a2-b2'
 'Misrepair_a1-b2' 'Misrepair_a2-b2' 'Misrepair_a2-b1' 'Repair' 'Repair'
 'Misrepair_a2-b1' 'Repair' 'Misrepair_a1-b1' 'Misrepair_a1-b1' 'Repair'
 'Repair' 'Repair' 'Repair' 'Misrepair_a2-b1' 'Repair' 'Misrepair_a2-b1'
 'Misrepair_a1-b2' 'Misrepair_a2-b1' 'NA' 'Misrepair_a2-b1' 'Repair'
 'Misrepair_a1-b1' 'Misrepair_a1-b2' 'Misrepair_a1-b2' 'Misrepair_a2-b1'
 'Misrepair_a2-b1' 'Misrepair_a2-b1' 'Misrepair_a2-b2' 'Repair' 'Repair'
 'Misrepair_a2-b1' 'NA' 'Repair' 'Misrepair_a2-b1' 'Misrepair_a2-b1'
 'Repair' 'Repair' 'Misrepair_a2-b1' 'Misrepair_a1-b1' 'Repair' 'Repair'
 'Misrepair_a1-b1' 'Misrepair_a1-b2' 'Misrepair_a2-b1' 'Misrepair_a1-b2']","[2.6465e+01 4.0750e+00 2.1030e+01 3.8200e+01 2.6290e+01 8.1600e+00
 5.8050e+00 5.5450e+00 3.9200e+00 2.0210e+01 4.7860e+01 2.5000e-02
 1.1180e+01 6.6650e+00 8.1300e+00 1.5050e+00 7.0700e+00 2.2180e+01
 3.3300e+00 2.0925e+01 9.0850e+00 2.3235e+01 1.3815e+01 1.8270e+01
 4.8800e+00        nan 1.8400e+01 4.9050e+00 4.2450e+00 1.2915e+01
 7.0000e+00 2.3000e-01 2.8800e+00 3.3120e+01 2.0700e+00 4.9750e+00
 2.7800e+00 1.8720e+01 3.3750e+00 3.1650e+00 1.6075e+01 2.2500e+01
 2.4345e+01 3.3250e+00 1.1165e+01 4.3995e+01 2.9175e+01 2.3515e+01
 7.5000e-02 1.0915e+01 1.6200e+00 8.4150e+00 9.0200e+00 4.5500e-01
 1.2995e+01 3.7350e+00 1.3925e+01 1.6000e-01 1.2035e+01 1.3405e+01
 1.3650e+00 2.9945e+01 1.1210e+01 3.2650e+00 2.4375e+01 1.5160e+01
 3.6625e+01 2.3960e+01 1.3000e-01 2.5950e+00 4.1100e+00 3.0050e+00
 4.6950e+00 2.9350e+00 1.3425e+01 7.1050e+00 0.0000e+00 3.9570e+01
 2.1550e+00 1.6400e+00 3.0350e+00 1.5840e+01 1.1320e+01 1.4310e+01
 1.4120e+01 7.3100e+00 1.9825e+01 3.0650e+00 9.0000e-02 2.2200e+01
 1.0860e+01 1.6610e+01 1.8005e+01 8.4650e+00 1.8805e+01 1.6955e+01
 7.8000e-01 3.9800e+00 3.2950e+00 1.5175e+01 1.4165e+01 1.2305e+01
 8.0000e-02 6.0500e-01 5.4450e+00 9.7650e+00 4.6350e+00 2.0265e+01
 4.7280e+01 1.4055e+01 1.6375e+01 6.6700e+00 1.6870e+01 1.2900e+01
 3.8050e+01        nan 2.8950e+00 4.2200e+00 1.9005e+01 8.8250e+00
 5.3500e+00 1.0625e+01 1.1480e+01 5.9200e+00 1.6565e+01 8.1150e+00
 2.1125e+01 1.5505e+01 1.9390e+01 1.4525e+01 2.6890e+01 6.7300e+00
 3.1610e+01 7.6500e-01 5.4855e+01 1.8395e+01 3.9200e+00 1.3050e+00
 5.0300e+00 2.6240e+01 1.1200e+01 1.5150e+00 9.5650e+00 1.3900e+00
 2.3605e+01 8.7750e+00 9.8200e+00 6.5000e-01 0.0000e+00 1.7145e+01
 7.8000e-01 1.6275e+01 7.8150e+00 2.5220e+01 4.0000e+00 2.5050e+00
 2.1600e+00 3.8500e-01 9.5000e-01 7.2650e+00 1.4410e+01 1.1695e+01
 0.0000e+00 2.2320e+01 1.2020e+01 1.4995e+01 8.9500e+00 1.2640e+01
 1.6400e+01 9.5000e-02 1.8885e+01 1.4320e+01 1.3600e+01 2.0850e+00
 5.1050e+00 1.7925e+01 1.9175e+01 3.7275e+01 2.5200e+00 1.4445e+01
 1.2670e+01 2.0365e+01 1.6650e+01 7.8000e+00 5.9650e+01 1.1320e+01
 1.0385e+01 1.7600e+00 4.4800e+00 1.8275e+01 2.6460e+01 9.1650e+00
 4.9500e+00 4.9950e+00 2.4745e+01 2.1035e+01 2.5000e-02 4.2350e+00
 3.3950e+00 3.3000e-01 4.9500e-01 9.6000e-01 5.8200e+00 1.2795e+01
 1.9800e+00 1.1315e+01 3.2550e+00 6.7450e+00 3.2190e+01 1.6435e+01
 9.5300e+00        nan 1.5300e+01 4.3500e-01 5.9300e+00 1.2340e+01
 3.7455e+01 3.2855e+01 1.5500e-01 2.0640e+01 2.4165e+01 4.4850e+00
 2.0150e+00 4.6850e+00 1.0640e+01 1.7385e+01 5.3100e+00 1.6235e+01
 9.0000e-02 2.3315e+01 9.4450e+00 3.3180e+01 1.6020e+01 3.4500e-01
 6.5000e-01 2.0115e+01 7.9650e+00 2.6680e+01 2.2350e+00 8.7950e+00
 8.4000e-01 4.0000e-01 1.7920e+01 6.2400e+00 1.0425e+01 5.5115e+01
        nan 3.2695e+01 3.8500e-01 1.5885e+01 1.9500e+00 1.6300e+00
 2.7250e+00 3.2285e+01 1.3985e+01 6.8000e-01 9.8500e-01 1.3875e+01
 3.1190e+01 9.5400e+00 9.9500e+00 2.7145e+01 2.5000e+00 6.7600e+00
        nan 1.1400e+01 0.0000e+00 1.2050e+01 6.0850e+00 2.4050e+01
 6.0950e+00 1.2080e+01 2.4850e+00 2.0640e+01        nan 4.6105e+01
 2.1950e+00        nan 2.2300e+00 4.0450e+00 1.2090e+01 4.5700e+00
 8.0000e-02 9.1350e+00 5.9000e+00 1.2655e+01 1.0715e+01 4.1550e+01
 4.9520e+01 3.7880e+01 1.1920e+01 3.3885e+01 6.6150e+00 4.3000e+00
 2.3200e+00 1.2335e+01 9.4250e+00 1.7800e+00 4.1825e+01 3.6650e+00
 1.2210e+01 2.6360e+01 1.9800e+00 1.7990e+01 3.7600e+00 5.0400e+00
 2.6820e+01 3.4050e+00 3.9350e+00 1.9975e+01 4.5900e+00 2.1140e+01
 1.5630e+01 1.0380e+01 1.7585e+01 1.1550e+01 2.4855e+01 8.9500e-01
 1.9550e+00 1.4240e+01 0.0000e+00 1.8110e+01 1.3075e+01 1.0650e+00
 1.1570e+01 6.7450e+00 3.4065e+01 1.2675e+01 2.6655e+01 8.7850e+00
 5.4920e+01 5.2850e+01 9.9800e+00 8.1600e+00 3.0250e+00 1.2525e+01
 5.5950e+00 1.0000e-01 1.1105e+01 4.0500e-01 2.0270e+01 6.2500e+00
 8.3700e+00 5.5430e+01 6.6950e+00 5.8200e+00 9.1500e-01 3.0700e+00
 7.3600e+00 1.7160e+01 4.9500e-01 1.2030e+01 1.1950e+00 2.0890e+01
 4.2250e+00 8.3250e+00 2.3000e-01 1.0540e+01 1.3715e+01 3.6815e+01
 9.9500e-01 3.3485e+01 0.0000e+00 1.2200e+00 1.9710e+01 1.9110e+01
 1.2850e+00 1.7670e+01 1.7205e+01 5.6950e+01 2.1500e-01 7.2500e+00
 1.6440e+01 5.1550e+00 2.1500e-01 3.9995e+01 9.7300e+00 1.1700e+00
 9.3800e+00 5.8000e-01 1.7450e+00 4.7550e+00 1.0980e+01 1.7085e+01
 7.7000e+00 2.1590e+01 3.5000e-02 6.7250e+00 2.5035e+01 6.2750e+00
 2.1400e+01 4.1350e+01 2.6500e+00 5.6605e+01 1.9700e+00 9.7900e+00
 1.8550e+00 2.1655e+01 2.3190e+01 9.9400e+00 1.0730e+01 4.0450e+00
 6.4000e+00 2.9220e+01 1.8650e+01 8.5000e-02 6.4000e-01 9.7500e+00
 6.6650e+00 7.1000e-01 3.0150e+00 1.8105e+01 1.4100e+00 2.0850e+00
 2.8150e+00 1.4265e+01 1.7705e+01 1.8985e+01 3.7600e+00 2.8200e+00
 7.0200e+00 7.9950e+00 2.3740e+01 8.4500e-01 1.1450e+01 1.6745e+01
 1.6285e+01 5.9450e+00 2.5960e+01 8.6100e+00 9.6500e-01 9.2050e+00
 9.8450e+00 2.6605e+01 7.4050e+00 2.1200e+00 3.0600e+00 1.8950e+00
 8.8100e+00 1.6300e+01 5.0350e+00 1.0355e+01 1.1100e+00 5.8000e-01
 2.0000e-02 7.0800e+00 1.5000e-02 5.1200e+00 2.0385e+01 2.8910e+01
 1.2400e+00 1.8500e-01 1.3380e+01 2.0320e+01 1.1800e+00 4.3000e+00
 1.4500e-01 1.4550e+01 7.9050e+00 1.8050e+00 7.0000e-01 2.0750e+00
 1.9000e+00 2.0425e+01 2.2000e+00 2.3305e+01 7.3650e+00 3.0885e+01
 7.8500e+00 2.4700e+00 1.8555e+01 1.1195e+01 1.7050e+00 7.8250e+00
 5.6550e+00 2.5500e-01 2.3310e+01 5.4950e+00 1.2360e+01 1.6800e+00
 1.0445e+01 2.3950e+00 5.2600e+00 3.5900e+00 1.7340e+01 3.5930e+01
 2.6200e+00 2.9650e+00 1.4030e+01 5.7500e-01 5.5010e+01 8.1450e+00
 1.8750e+00 2.4740e+01 1.1220e+01 3.4600e+00 1.0095e+01 1.5840e+01
 1.6095e+01 1.1475e+01        nan 1.4055e+01 2.6465e+01 4.9750e+00
 2.0800e+00 6.4950e+00 1.0700e+00 1.1250e+00 1.8550e+01 1.2940e+01
 2.5885e+01 4.3100e+00 6.3950e+00 2.1600e+00 2.3925e+01        nan
 8.5700e+00 3.0500e+00 1.8855e+01 6.3500e-01 1.2215e+01 4.1000e+00
 8.9750e+00 4.6650e+00 6.0900e+00 1.4350e+00 9.4500e-01 1.3010e+01
 1.5095e+01 2.2000e+00 8.6800e+00 5.1335e+01 1.3010e+01 2.0500e+00
 1.5065e+01 1.2680e+01 3.4850e+00        nan 2.9000e+00 3.3620e+01
 5.0700e+00 1.7900e+00 3.6750e+00 1.5450e+00        nan 1.6140e+01
 4.7800e+00 6.8000e+00 4.0300e+00 6.9800e+00 6.8550e+00 1.4420e+01
 6.2800e+00 8.7350e+00 4.8650e+00 3.9425e+01 2.5950e+00 1.1440e+01
 9.0450e+00 3.9850e+00 5.5640e+01 2.2800e+00 1.0150e+00 4.6800e+00
 1.1260e+01 6.7250e+00 5.8665e+01 5.5700e+00 7.2350e+00 8.7400e+00
 1.5000e-02 1.4550e+00 5.6000e+01        nan 2.7805e+01 1.4500e+00
 8.6200e+00 1.5815e+01 1.2005e+01 1.1095e+01 6.1250e+00 2.7130e+01
 3.8995e+01 7.2550e+00 3.1900e+00 3.5700e+01        nan 6.4000e+00
 2.1175e+01 1.0210e+01 2.5735e+01 1.7980e+01 4.9610e+01 3.4265e+01
 3.6160e+01 1.8185e+01 7.6150e+00 1.1050e+00 2.7965e+01 1.5250e+00]",12.186328790459966,0.9765017827884755,0.0841505401743723,0.08539262976728086,"Counter({'Misrepair_a2-b1': 243, 'Repair': 147, 'Misrepair_a1-b1': 80, 'Misrepair_a2-b2': 66, 'Misrepair_a1-b2': 51, 'NA': 13})",0.2504258943781942,0.03504966933450907,0.0,"[0.15957047 0.4657332  0.49771602 0.25862727 0.11429954 0.27706715
 0.52802501 1.08819084 0.68999277 0.16807618 0.2954268  0.53327204
 0.12859304 0.69708189 0.71065455 0.27145306 2.14986095 1.16754024
 0.38356089 0.49010205 0.49304096 0.6439819  0.29250109 0.31572696
 0.37647366        nan 0.41081558 1.17979768 0.91916831 0.24589313
 0.69099053 0.53418215 0.466129   0.2043053  0.62286533 0.90077663
 0.44618032 0.42812444 2.37990987 0.78578101 0.52664702 0.64291128
 0.31091057 0.38789939 0.25229157 0.14896843 0.45829217 0.31691551
 1.44286011 1.031263   0.8512357  0.4930391  0.28313063 1.27205018
 0.49927223 0.39768433 0.27785277 0.33171121 0.41059481 0.17248453
 0.92486461 0.40829629 0.52123336 0.45138983 0.31508595 0.27211344
 0.29060742 0.19864876 0.54391812 0.87873066 0.45648203 0.67038794
 0.35800116 0.75986705 0.40550648 0.38893526 1.10044737 0.53983471
 0.16858429 0.22557834 0.43464089 0.78378221 0.29772482 0.6079218
 1.35486049 1.03796077 0.45393651 0.26854138 0.73720905 0.25210293
 0.49892452 0.22824788 0.46462699 0.3183861  0.26206142 0.26684796
 0.3295251  0.53840244 0.29139115 0.71263139 0.52436942 0.20691606
 0.31863977 0.1764628  0.47748992 0.33466642 0.23715776 0.50613891
 0.40304879 0.39656075 0.24660116 0.41793593 0.13387772 0.20369952
 0.84185528        nan 1.8258092  0.80610474 0.13249263 0.60218575
 1.02009667 1.00756963 0.85526063 0.92913648 0.15614577 0.46226098
 0.21322988 0.91361453 0.19042039 0.41665634 0.20611499 0.39073111
 0.23061603 0.27523925 0.34346545 0.68816099 0.58099293 0.28884851
 0.72219115 0.27847644 0.42486566 0.90491902 0.70304548 1.04991003
 0.44554606 1.9868858  0.45463489 0.31195334 0.76281815 0.66475833
 0.58760035 0.45910783 0.53300844 0.35198549 0.62324124 0.37962587
 0.7731016  0.62692288 0.39379189 1.94562549 0.74380482 0.74059735
 0.71197249 0.24811736 0.91611378 0.14135958 0.28072403 0.40575244
 0.29748104 0.33624953 0.38835324 0.35246192 0.37413225 0.66092576
 0.37695836 0.56967388 1.1573433  0.24943354 1.36610483 0.22503853
 0.29010054 0.9548358  0.87377731 1.14117863 0.31959898 0.97552253
 0.93368068 1.47220104 1.02867843 0.9390432  0.26746649 0.68994736
 0.71991802 0.59858019 0.24176113 0.52168152 0.37615187 0.65309549
 0.74988309 1.70583336 0.2836447  0.43595762 1.90925495 0.51407533
 0.55477907 0.28973692 0.69294079 0.51482796 0.36275871 0.16408902
 0.60532839        nan 0.25979621 0.62243572 0.50299311 1.47099622
 0.27116074 0.62593834 0.25751556 0.42478131 0.35917019 0.34028827
 0.65620988 0.82789818 0.46895015 0.24188223 0.947142   0.77621977
 1.15955117 0.19970022 0.37890856 0.16175064 1.13542929 0.87377507
 0.47419704 0.32408439 1.03010019 0.44498372 0.4182921  0.25572508
 0.46251373 0.36806909 0.56543622 0.71246695 0.89666839 0.28747718
        nan 1.15562154 0.71686245 0.42801091 1.25932641 1.19565119
 0.54454416 0.13235298 0.46430455 0.74974895 0.1452173  1.51657425
 0.26815779 0.36448712 0.3289739  0.29357891 0.24760906 0.38393213
        nan 0.34691398 0.45714177 0.49671816 0.41564179 0.16357601
 0.59511715 0.18195164 1.7012847  1.72623968        nan 0.44636542
 0.6312384         nan 0.27249819 0.5743499  0.64429848 1.41081168
 0.98090341 0.41145458 0.31561058 0.21390485 0.33567121 0.17446483
 0.39971083 0.36392967 0.3214688  0.21365953 0.53888091 0.90219196
 0.61163864 0.20670325 0.58291927 1.73527361 0.4370476  0.34462972
 0.30507505 0.55516092 1.27900216 0.19697132 0.44155328 0.35318702
 0.46925331 0.20757087 1.14058675 0.55500745 0.41466915 0.39741782
 0.4778958  0.36902814 0.55318453 0.35936208 0.36865941 0.91442173
 0.60623689 0.21747035 0.50596992 0.84543395 0.93483245 0.53470751
 0.34900319 0.35238419 0.27196283 0.45933908 0.72491383 0.46343579
 0.50246881 0.58166078 0.13477347 0.93411423 2.05369449 1.29798803
 0.4101448  0.18661968 0.45069968 0.59438797 0.1213909  3.23944379
 0.46860589 0.73710764 0.39965073 1.64964401 0.84578899 0.34333666
 0.56318959 0.35050527 0.41471783 0.27444401 0.86111806 0.58409289
 1.1808964  1.41940279 0.39466677 0.19477581 0.56757061 0.29973693
 1.265542   0.525078   2.43881005 0.45518997 0.29176325 0.32333128
 1.27694975 0.30863612 0.55463228 0.29634756 0.76751481 0.36843221
 0.73163721 0.40855045 0.87401183 0.29308523 0.42068753 0.81229735
 0.74545069 0.60465011 0.21938566 0.68408477 0.1964919  1.17352201
 0.53309179 1.14624001 0.70869733 0.35840838 0.24094239 0.97494806
 0.61461717 0.27733301 0.44399122 0.17045416 1.84864546 0.40051239
 0.24949011 0.19530839 0.54913658 0.6856039  0.45599344 0.57058325
 0.60821798 0.60694183 0.48695668 0.70321957 0.88321117 0.19348404
 0.55035027 0.43825754 1.05913283 1.12590214 1.18000131 0.95338176
 2.10920514 0.85213609 0.58447121 0.13635956 0.30253765 1.5824717
 1.0059948  0.82956175 0.31130398 1.0530665  0.21655431 0.61522685
 1.71792801 0.71880895 0.69455803 0.30983578 0.65239316 0.39067708
 0.3582987  0.34576517 0.33387791 0.42196155 0.47826114 1.04735615
 0.29950104 1.45165602 0.38978106 0.34805194 0.62081972 0.91636929
 0.76945714 0.33548167 0.41302332 1.06829712 0.48404263 0.17581048
 1.58699374 0.97414971 0.40408535 0.61648199 1.85390571 1.78801133
 2.54964345 0.21994692 1.23421706 0.45194244 0.54803989 0.96308364
 0.3185256  0.17388956 0.73079044 0.69060367 0.78087542 0.35183309
 0.56050391 5.40123584 0.35783862 0.35637118 0.53925889 0.52943763
 1.46932198 0.75690817 0.13756655 0.33952416 0.56163677 1.12622441
 0.32381299 0.36698621 0.55497625 0.61992297 0.54513899 0.17920878
 0.72232778 0.44752285 1.5591986  1.08401435 0.12607014 1.20529068
 0.54938903 0.41580168 0.24332869 0.7423066  0.32523787 0.25071897
 0.25978305 0.51890453        nan 1.84535834 0.22487795 0.26270058
 0.60310123 0.49347004 0.92985281 0.29571996 0.40025791 0.4115827
 0.26875856 0.29949028 1.93579912 0.66548033 0.2444527         nan
 0.48624874 0.58141903 0.48899454 0.71152581 1.97971816 0.86080566
 0.27915207 0.77136217 2.09936276 1.13544882 0.65501416 0.41485087
 0.40621667 0.70747826 0.52396654 0.91689495 0.67734775 0.61484005
 0.46732534 0.42373956 0.29776039        nan 0.66546664 0.43879098
 0.50775854 1.02584544 1.04152381 0.44026941        nan 1.39561438
 0.5968412  0.37284889 0.44673373 1.11413787 0.60008583 1.0661903
 0.73259573 0.33595464 0.59645766 0.51781967 0.36766795 0.56923438
 0.13567242 0.58140684 0.25139134 0.64934279 0.21216342 0.4007453
 0.60329182 0.57476927 0.43233748 0.59664785 0.30464718 0.31941345
 0.8403842  0.34722328 0.39754245        nan 0.28083924 1.29874979
 0.7528096  1.29243588 0.31256566 0.80086787 0.84695139 0.37531232
 0.19512479 0.19816984 0.61982172 0.24544195        nan 0.1724709
 1.51112589 0.61872054 0.48269984 0.34989794 0.22193346 0.20796881
 0.80940898 0.51347178 1.18827788 0.94028929 0.36253874 0.36427259]",0.6195254624289049
